Position,Name,Year,URL
1,Cléo from 5 to 7,1962,https://boxd.it/2agm
2,Portrait of a Lady on Fire,2019,https://boxd.it/jkPq
3,Mustang,2015,https://boxd.it/baaw
4,Lost in Translation,2003,https://boxd.it/2b0E
5,"Jeanne Dielman, 23, quai du Commerce, 1080 Bruxelles",1975,https://boxd.it/T18
6,Little Women,2019,https://boxd.it/aSVk
7,The Tale,2018,https://boxd.it/cOkI
8,The Piano,1993,https://boxd.it/29Kq
9,American Psycho,2000,https://boxd.it/28Vs
10,Marie Antoinette,2006,https://boxd.it/27Wa
11,La Ciénaga,2001,https://boxd.it/kpk
12,The Farewell,2019,https://boxd.it/kIky
13,Lady Bird,2017,https://boxd.it/dGNE
14,Vagabond,1985,https://boxd.it/T0u
15,The Virgin Suicides,1999,https://boxd.it/28JG
16,Never Rarely Sometimes Always,2020,https://boxd.it/lWJk
17,Professor Marston and the Wonder Women,2017,https://boxd.it/eRPS
18,Daisies,1966,https://boxd.it/LZk
19,Mädchen in Uniform,1931,https://boxd.it/1Y8g
20,One Night in Miami...,2020,https://boxd.it/oCUo
21,Novitiate,2017,https://boxd.it/ewpa
22,The Matrix,1999,https://boxd.it/2a1m
23,Promising Young Woman,2020,https://boxd.it/loRE
24,"Je, Tu, Il, Elle",1974,https://boxd.it/3gWK
25,Summerland,2020,https://boxd.it/j1S6
26,Raw,2016,https://boxd.it/dLd2
27,The Meetings of Anna,1978,https://boxd.it/3gEG
28,Little Women,1994,https://boxd.it/1YiU
29,Mamma Mia!,2008,https://boxd.it/1Tnq
30,The Innocents,2016,https://boxd.it/cBcQ
31,The Beaches of Agnès,2008,https://boxd.it/14Y6
32,An Education,2009,https://boxd.it/1xcg
33,But I'm a Cheerleader,1999,https://boxd.it/1CW4
34,Kajillionaire,2020,https://boxd.it/jJDY
35,Unpregnant,2020,https://boxd.it/nrH2
36,Fish Tank,2009,https://boxd.it/1xBg
37,Set It Up,2018,https://boxd.it/dpik
38,Babyteeth,2019,https://boxd.it/iWDU
39,Shiva Baby,2020,https://boxd.it/oIv0
40,The Power of the Dog,2021,https://boxd.it/m99E
41,Nomadland,2020,https://boxd.it/lnRy
42,The Lost Daughter,2021,https://boxd.it/kgww
43,The Creatures,1966,https://boxd.it/xxQ
44,Clueless,1995,https://boxd.it/1Ygk
45,Fingersmith,2005,https://boxd.it/d4v8
46,The Assistant,2019,https://boxd.it/neWo
47,Monster,2003,https://boxd.it/2afy
48,One Day Pina Asked...,1983,https://boxd.it/79q6
49,You Were Never Really Here,2017,https://boxd.it/dWOS
50,The Holiday,2006,https://boxd.it/28ye
51,Frida,2002,https://boxd.it/28Vi
52,The Hurt Locker,2008,https://boxd.it/1Soi
53,The Holy Girl,2004,https://boxd.it/S12
54,The Miseducation of Cameron Post,2018,https://boxd.it/f6B2
55,Pariah,2011,https://boxd.it/2wWk
56,The Siamese Bond,2020,https://boxd.it/oF3C
57,The Proposal,2009,https://boxd.it/1HiS
58,Can You Ever Forgive Me?,2018,https://boxd.it/e7x4
59,Lovesong,2016,https://boxd.it/cSSY
60,You've Got Mail,1998,https://boxd.it/1Yye
61,Le Bonheur,1965,https://boxd.it/xyk
62,Wanda,1970,https://boxd.it/2OjK
63,The Babadook,2014,https://boxd.it/77xu
64,Mary Shelley,2017,https://boxd.it/aW9u
65,Paris Is Burning,1990,https://boxd.it/1jzg
66,Suffragette,2015,https://boxd.it/7cxY
67,Mudbound,2017,https://boxd.it/eCsu
68,Wonder Woman,2017,https://boxd.it/9roG
69,The Gleaners and I,2000,https://boxd.it/S6c
70,American Honey,2016,https://boxd.it/bk7C
71,13th,2016,https://boxd.it/elNg
72,The Iron Lady,2011,https://boxd.it/2qli
73,Bridget Jones's Diary,2001,https://boxd.it/29WQ
74,Sleepless in Seattle,1993,https://boxd.it/29re
75,The Edge of Seventeen,2016,https://boxd.it/d5nu
76,The Parent Trap,1998,https://boxd.it/1XJq
77,The Bling Ring,2013,https://boxd.it/3lPY
78,Thirteen,2003,https://boxd.it/1UPK
79,News from Home,1976,https://boxd.it/34TO
80,The German Doctor,2013,https://boxd.it/5I6Q
81,Birds of Prey (and the Fantabulous Emancipation of One Harley Quinn),2020,https://boxd.it/hSyO
82,Shirley,2020,https://boxd.it/jY2o
83,The Sleepwalkers,2019,https://boxd.it/mZOO
84,Boys Don't Cry,1999,https://boxd.it/2aPG
85,"One Sings, the Other Doesn't",1977,https://boxd.it/98s
86,Brave,2012,https://boxd.it/bVG
87,Across the Universe,2007,https://boxd.it/23X4
88,LOL,2012,https://boxd.it/2Nas
89,The Kids Are All Right,2010,https://boxd.it/13f0
90,Julie & Julia,2009,https://boxd.it/1wXg
91,Awakenings,1990,https://boxd.it/1USu
92,What Women Want,2000,https://boxd.it/24Sa
93,It's Complicated,2009,https://boxd.it/1zUY
94,One Day,2011,https://boxd.it/Asu
95,The Mirror Has Two Faces,1996,https://boxd.it/1we6
96,Red Riding Hood,2011,https://boxd.it/Fle
97,The Beguiled,2017,https://boxd.it/dZ1k
98,Certain Women,2016,https://boxd.it/bk7W
99,Selma,2014,https://boxd.it/8jak
100,Palo Alto,2013,https://boxd.it/5Nzy
101,The Love Witch,2016,https://boxd.it/cZie
102,Ginger & Rosa,2012,https://boxd.it/41Ig
103,The Diary of a Teenage Girl,2015,https://boxd.it/7kru
104,Battle of the Sexes,2017,https://boxd.it/cNxw
105,We Need to Talk About Kevin,2011,https://boxd.it/2pTS
106,Aquamarine,2006,https://boxd.it/1OAE
107,The Lure,2015,https://boxd.it/d3mE
108,Zero Dark Thirty,2012,https://boxd.it/3n1w
109,In a World...,2013,https://boxd.it/4VRI
110,Meek's Cutoff,2010,https://boxd.it/nsG
111,Laurel Canyon,2002,https://boxd.it/1Plq
112,Afternoon Delight,2013,https://boxd.it/4V3o
113,Belle,2013,https://boxd.it/6ahM
114,Bright Star,2009,https://boxd.it/1mfI
115,Winter's Bone,2010,https://boxd.it/14FI
116,Frozen,2013,https://boxd.it/3GNa
117,The Invitation,2015,https://boxd.it/9OUU
118,Daughters of the Dust,1991,https://boxd.it/2dkw
119,Big,1988,https://boxd.it/271S
120,Point Break,1991,https://boxd.it/2958
121,Wayne's World,1992,https://boxd.it/1ZHG
122,A League of Their Own,1992,https://boxd.it/1UdG
123,Pet Sematary,1989,https://boxd.it/1ZBy
124,Carrie,2013,https://boxd.it/4kC2
125,Something's Gotta Give,2003,https://boxd.it/21gC
126,Miss Bala,2019,https://boxd.it/i5da
127,Whale Rider,2002,https://boxd.it/295i
128,The Runaways,2010,https://boxd.it/1rsC
129,I Am Sam,2001,https://boxd.it/1V04
130,John Tucker Must Die,2006,https://boxd.it/1Z2S
131,Whip It,2009,https://boxd.it/1A3m
132,Children of a Lesser God,1986,https://boxd.it/27VG
133,The Secret Garden,1993,https://boxd.it/1Uim
134,Home for the Holidays,1995,https://boxd.it/1ZbU
135,Pay It Forward,2000,https://boxd.it/1VJI
136,Deep Impact,1998,https://boxd.it/1ZYM
137,Tank Girl,1995,https://boxd.it/1Zfs
138,Jennifer's Body,2009,https://boxd.it/1Efw
139,Sleeping Beauty,2011,https://boxd.it/Yk
140,Ravenous,1999,https://boxd.it/1WOa
141,Away from Her,2006,https://boxd.it/27Ra
142,The Savages,2007,https://boxd.it/20ra
143,The Woodsman,2004,https://boxd.it/1Y2s
144,The Prince of Tides,1991,https://boxd.it/1Wwg
145,After the Wedding,2006,https://boxd.it/25eg
146,High Art,1998,https://boxd.it/17Sg
147,Salaam Bombay!,1988,https://boxd.it/Qhi
148,Mary Queen of Scots,2018,https://boxd.it/gkaG
149,To All the Boys I've Loved Before,2018,https://boxd.it/gHec
150,A Wrinkle in Time,2018,https://boxd.it/el46
151,Destroyer,2018,https://boxd.it/gU4u
152,Blockers,2018,https://boxd.it/fxEW
153,Gaiety George,1946,https://boxd.it/dLxc
154,Men of Tomorrow,1932,https://boxd.it/hgza
155,Wonder Woman 1984,2020,https://boxd.it/gBtA
156,Ruby Sparks,2012,https://boxd.it/3w9O
157,Alias Grace,2017,https://boxd.it/f5ls
158,The Notorious Bettie Page,2005,https://boxd.it/1MiI
159,The Moth Diaries,2011,https://boxd.it/3dfe
160,The Intern,2015,https://boxd.it/7AOE
161,Loser,2000,https://boxd.it/1VKw
162,Bridget Jones's Baby,2016,https://boxd.it/3jQU
163,Incendiary,2008,https://boxd.it/1LGY
164,Captain Marvel,2019,https://boxd.it/9vSA
165,Bewitched,2005,https://boxd.it/1XXW
166,Michael,1996,https://boxd.it/265k
167,This Is My Life,1992,https://boxd.it/YyG
168,Italian for Beginners,2000,https://boxd.it/2b76
169,Their Finest,2016,https://boxd.it/bjl4
170,Miss You Already,2015,https://boxd.it/96B0
171,Plush,2013,https://boxd.it/6qsw
172,Olive Kitteridge,2014,https://boxd.it/91Yy
173,Riding in Cars with Boys,2001,https://boxd.it/1UF6
174,Appropriate Behavior,2014,https://boxd.it/7k4U
175,Wendy and Lucy,2008,https://boxd.it/1Zx2
176,Night Moves,2013,https://boxd.it/4WFe
177,Old Joy,2006,https://boxd.it/1tIW
178,Treeless Mountain,2008,https://boxd.it/1viQ
179,For Ellen,2012,https://boxd.it/2XLy
180,In Between Days,2006,https://boxd.it/JKM
181,Kings,2017,https://boxd.it/eows
182,Middle of Nowhere,2012,https://boxd.it/2W7W
183,I Will Follow,2010,https://boxd.it/2n7i
184,This Is the Life,2008,https://boxd.it/3mB4
185,Orlando,1992,https://boxd.it/1Z1K
186,The Party,2017,https://boxd.it/eEVS
187,Bessie,2015,https://boxd.it/aPFe
188,Fugue,2018,https://boxd.it/hNGe
189,Total Eclipse,1995,https://boxd.it/19Ii
190,Europa Europa,1990,https://boxd.it/1ZpW
191,Disorder,2015,https://boxd.it/aNqw
192,Augustine,2012,https://boxd.it/4bxs
193,A United Kingdom,2016,https://boxd.it/bDFy
194,Where Hands Touch,2018,https://boxd.it/f6C0
195,A Girl Walks Home Alone at Night,2014,https://boxd.it/7nZE
196,The Bad Batch,2016,https://boxd.it/acEG
197,Wuthering Heights,2011,https://boxd.it/1YRU
198,Red Road,2006,https://boxd.it/1TbY
199,Unbroken,2014,https://boxd.it/6IaA
200,First They Killed My Father,2017,https://boxd.it/fmCK
201,It's Kind of a Funny Story,2010,https://boxd.it/Tfa
202,Mississippi Grind,2015,https://boxd.it/9UfI
203,Sugar,2008,https://boxd.it/1Jmi
204,Dumplin',2018,https://boxd.it/gXcc
205,27 Dresses,2008,https://boxd.it/21x4
206,Step Up,2006,https://boxd.it/1XS8
207,Hot Pursuit,2015,https://boxd.it/83Vu
208,The Guilt Trip,2012,https://boxd.it/2TUm
209,Leave No Trace,2018,https://boxd.it/fMfM
210,Down to the Bone,2004,https://boxd.it/10Jw
211,Pitch Perfect 2,2015,https://boxd.it/7tNa
212,Obvious Child,2014,https://boxd.it/7i3A
213,Landline,2017,https://boxd.it/eOYM
214,Beyond the Lights,2014,https://boxd.it/76J0
215,Love & Basketball,2000,https://boxd.it/1Nu6
216,The Secret Life of Bees,2008,https://boxd.it/1R7K
217,The Quiet,2005,https://boxd.it/1XKy
218,Sweetie,1989,https://boxd.it/4HM
219,An Angel at My Table,1990,https://boxd.it/269G
220,Holy Smoke,1999,https://boxd.it/1Pq6
221,In the Cut,2003,https://boxd.it/1V12
222,The Portrait of a Lady,1996,https://boxd.it/19Tg
223,The Darkest Minds,2018,https://boxd.it/fRBo
224,Money Monster,2016,https://boxd.it/9GCS
225,The Beaver,2011,https://boxd.it/CSa
226,2 Days in New York,2012,https://boxd.it/2XFU
227,The Countess,2009,https://boxd.it/20nM
228,2 Days in Paris,2007,https://boxd.it/2828
229,XX,2017,https://boxd.it/9pU6
230,Cloud Atlas,2012,https://boxd.it/2W60
231,Tiny Furniture,2010,https://boxd.it/Kjs
232,Bachelorette,2012,https://boxd.it/2XEs
233,Sleeping with Other People,2015,https://boxd.it/8WPm
234,Seeking a Friend for the End of the World,2012,https://boxd.it/376g
235,The Meddler,2015,https://boxd.it/bb40
236,Laggies,2014,https://boxd.it/7aRC
237,Your Sister's Sister,2011,https://boxd.it/2Y04
238,Humpday,2009,https://boxd.it/1ySC
239,Outside In,2017,https://boxd.it/gXfK
240,Touchy Feely,2013,https://boxd.it/4QMe
241,Persepolis,2007,https://boxd.it/27DC
242,Things to Come,2016,https://boxd.it/d0wc
243,Eden,2014,https://boxd.it/8KNo
244,Goodbye First Love,2011,https://boxd.it/2SYW
245,Population 436,2006,https://boxd.it/28vO
246,On the Basis of Sex,2018,https://boxd.it/bhDq
247,Queen of Katwe,2016,https://boxd.it/agW0
248,Monsoon Wedding,2001,https://boxd.it/2aiM
249,Vanity Fair,2004,https://boxd.it/1Tng
250,Me and You and Everyone We Know,2005,https://boxd.it/28RK
251,The Future,2011,https://boxd.it/tJS
252,Enough Said,2013,https://boxd.it/6fQC
253,The Land of Steady Habits,2018,https://boxd.it/g97c
254,Friends with Money,2006,https://boxd.it/1ZpC
255,Please Give,2010,https://boxd.it/128i
256,The Little Rascals,1994,https://boxd.it/1V8i
257,Fifty Shades of Grey,2015,https://boxd.it/6qLo
258,Nowhere Boy,2009,https://boxd.it/1flk
259,Stories We Tell,2012,https://boxd.it/4c4Q
260,Take This Waltz,2011,https://boxd.it/34vW
261,Bird Box,2018,https://boxd.it/eh1i
262,The Night Manager,2016,https://boxd.it/dsfS
263,Serena,2014,https://boxd.it/56Lw
264,In a Better World,2010,https://boxd.it/RgA
265,Things We Lost in the Fire,2007,https://boxd.it/24YW
266,Open Hearts,2002,https://boxd.it/2b8I
267,Love Is All You Need,2012,https://boxd.it/48YU
268,Brothers,2004,https://boxd.it/24Z6
269,A Second Chance,2014,https://boxd.it/7t4k
270,Bastard Out of Carolina,1996,https://boxd.it/ZR0
271,Unicorn Store,2017,https://boxd.it/f05u
272,Bridget Jones: The Edge of Reason,2004,https://boxd.it/1XMa
273,Jenny's Wedding,2015,https://boxd.it/bpgk
274,The Zookeeper's Wife,2017,https://boxd.it/91Kc
275,The Knight Before Christmas,2019,https://boxd.it/mAB6
276,Miss Julie,2014,https://boxd.it/6MRo
277,The Dressmaker,2015,https://boxd.it/9sZy
278,The Kindergarten Teacher,2018,https://boxd.it/hE3i
279,The Night My Mother Killed My Father,2016,https://boxd.it/cJG0
280,Into the Forest,2015,https://boxd.it/b2KG
281,Mansfield Park,1999,https://boxd.it/1Wmq
282,I've Heard the Mermaids Singing,1987,https://boxd.it/3TQc
283,When Night Is Falling,1995,https://boxd.it/20eK
284,Mouthpiece,2018,https://boxd.it/iKbu
285,XXY,2007,https://boxd.it/1Uwe
286,Spoor,2017,https://boxd.it/flEq
287,In Darkness,2011,https://boxd.it/2w1o
288,Mr. Jones,2019,https://boxd.it/ir0C
289,Copying Beethoven,2006,https://boxd.it/28wM
290,Washington Square,1997,https://boxd.it/Qxq
291,"Olivier, Olivier",1992,https://boxd.it/45h4
292,A Woman Alone,1981,https://boxd.it/VAO
293,The Third Miracle,1999,https://boxd.it/19R0
294,Charlatan,2020,https://boxd.it/i74a
295,A Girl Like Me: The Gwen Araujo Story,2006,https://boxd.it/1lCG
296,To Kill a Priest,1988,https://boxd.it/KAy
297,Provincial Actors,1979,https://boxd.it/3Oqy
298,Fever,1981,https://boxd.it/6xI2
299,Julie Walking Home,2002,https://boxd.it/17w
300,Shot in the Heart,2001,https://boxd.it/48da
301,The Fish Child,2009,https://boxd.it/1t0A
302,Somewhere,2010,https://boxd.it/14du
303,A Very Murray Christmas,2015,https://boxd.it/cBeM
304,Charlie Says,2018,https://boxd.it/gUKA
305,I Shot Andy Warhol,1996,https://boxd.it/1sWS
306,Anna Nicole,2013,https://boxd.it/693u
307,Herself,2020,https://boxd.it/oiMO
308,Julius Caesar,2017,https://boxd.it/gHse
309,Fast Times at Ridgemont High,1982,https://boxd.it/1QnM
310,Look Who's Talking,1989,https://boxd.it/1YxA
311,National Lampoon's European Vacation,1985,https://boxd.it/1TTc
312,Look Who's Talking Too,1990,https://boxd.it/1YTc
313,Vamps,2012,https://boxd.it/2wWY
314,Johnny Dangerously,1984,https://boxd.it/1JF0
315,I Could Never Be Your Woman,2007,https://boxd.it/1MZi
316,Call Me Crazy: A Five Film,2013,https://boxd.it/5Ggk
317,Mixed Nuts,1994,https://boxd.it/1yna
318,Lucky Numbers,2000,https://boxd.it/1Vpo
319,Barbie,2023,https://boxd.it/bCLK
320,Nights and Weekends,2008,https://boxd.it/J2A
321,The Riot Club,2014,https://boxd.it/87zW
322,The Kindness of Strangers,2019,https://boxd.it/iSDw
323,Just Like Home,2007,https://boxd.it/1L8M
324,Doctor Dolittle,1998,https://boxd.it/25RM
325,Alvin and the Chipmunks: The Squeakquel,2009,https://boxd.it/1zgk
326,28 Days,2000,https://boxd.it/1WbM
327,The Brady Bunch Movie,1995,https://boxd.it/1ZfC
328,Private Parts,1997,https://boxd.it/1YLM
329,I Spy,2002,https://boxd.it/20aS
330,The Late Shift,1996,https://boxd.it/1lyY
331,Only You,1992,https://boxd.it/5qM
332,Twilight,2008,https://boxd.it/1Zui
333,Lords of Dogtown,2005,https://boxd.it/1XOg
334,The Nativity Story,2006,https://boxd.it/26Im
335,The Prince of Egypt,1998,https://boxd.it/1XGQ
336,Titus,1999,https://boxd.it/1RNm
337,The Tempest,2010,https://boxd.it/RsG
338,A Midsummer Night's Dream,2014,https://boxd.it/9dyM
339,The Glorias,2020,https://boxd.it/iORk
340,LOL (Laughing Out Loud),2008,https://boxd.it/2lxI
341,Dalida,2016,https://boxd.it/dk8a
342,Sweetheart,2019,https://boxd.it/jZJI
343,Quantum Love,2014,https://boxd.it/7A6s
344,Comme t'y es belle!,2006,https://boxd.it/1GDg
345,Cavedweller,2004,https://boxd.it/41RW
346,Jumpin' Jack Flash,1986,https://boxd.it/1V0S
347,Renaissance Man,1994,https://boxd.it/1SV2
348,The Preacher's Wife,1996,https://boxd.it/1BK2
349,Stop-Loss,2008,https://boxd.it/1ZqU
350,First Cow,2019,https://boxd.it/krga
351,River of Grass,1994,https://boxd.it/3orq
352,My Reincarnation,2011,https://boxd.it/2Cfw
353,Beirut: The Last Home Movie,1987,https://boxd.it/4k4E
354,The Man Who Cried,2000,https://boxd.it/1nbC
355,The Roads Not Taken,2020,https://boxd.it/kOzu
356,The Gold Diggers,1983,https://boxd.it/tgc
357,Yes,2004,https://boxd.it/1w20
358,Rage,2009,https://boxd.it/1thG
359,The Tango Lesson,1997,https://boxd.it/1dbi
360,"I Am an Ox, I Am a Horse, I Am a Man, I Am a Woman",1988,https://boxd.it/a2cM
361,A Beautiful Day in the Neighborhood,2019,https://boxd.it/i7vA
362,Top of the Lake: China Girl,2017,https://boxd.it/gIaq
363,The Last Thing He Wanted,2020,https://boxd.it/ig5G
364,Ratcatcher,1999,https://boxd.it/1mSg
365,Morvern Callar,2002,https://boxd.it/1GDU
366,Ramona and Beezus,2010,https://boxd.it/153q
367,Careful What You Wish For,2015,https://boxd.it/aguA
368,The Field Guide to Evil,2018,https://boxd.it/fv06
369,Faces Places,2017,https://boxd.it/g7ck
370,Varda by Agnès,2019,https://boxd.it/kihS
371,La Pointe-Courte,1955,https://boxd.it/ui4
372,Uncle Yanco,1967,https://boxd.it/8sV0
373,Jacquot,1991,https://boxd.it/YwA
374,Diary of a Pregnant Woman,1958,https://boxd.it/3jtG
375,Mur Murs,1981,https://boxd.it/6MpE
376,Jane B. by Agnès V.,1988,https://boxd.it/xxw
377,Documenteur,1981,https://boxd.it/4VAs
378,Lions Love,1969,https://boxd.it/988
379,Kung-Fu Master!,1988,https://boxd.it/KKI
380,Far from Vietnam,1967,https://boxd.it/1beO
381,Daguerréotypes,1975,https://boxd.it/FxY
382,Along the Coast,1958,https://boxd.it/7298
383,The Young Girls Turn 25,1993,https://boxd.it/61IY
384,The World of Jacques Demy,1995,https://boxd.it/61eE
385,One Hundred and One Nights,1995,https://boxd.it/3iuI
386,The Gleaners and I: Two Years Later,2002,https://boxd.it/2Xok
387,Agnès Varda: From Here to There,2011,https://boxd.it/6AG4
388,Elsa the Rose,1966,https://boxd.it/5Eio
389,Nausicaa,1971,https://boxd.it/ax9E
390,Cinévardaphoto,2004,https://boxd.it/48KI
391,"Ydessa, the Bears and etc.",2004,https://boxd.it/8LhS
392,"Vagabond: Remembrances, Interviews, Notes and Comments",2003,https://boxd.it/iwR2
393,Quelques veuves de Noirmoutier,2006,https://boxd.it/ax9Y
394,Detroit,2017,https://boxd.it/el3C
395,Near Dark,1987,https://boxd.it/1SRO
396,Strange Days,1995,https://boxd.it/2aGO
397,Blue Steel,1990,https://boxd.it/1YxU
398,K-19: The Widowmaker,2002,https://boxd.it/1ZYs
399,The Loveless,1981,https://boxd.it/19JA
400,The Weight of Water,2000,https://boxd.it/1PYM
401,I Do... Until I Don't,2017,https://boxd.it/dQaW
402,Transparent: Musicale Finale,2019,https://boxd.it/mYeU
403,Valencia,2013,https://boxd.it/7qv8
404,A Way of Life,2004,https://boxd.it/3I3S
405,Stray Dog,2014,https://boxd.it/8sky
406,The Nightingale,2018,https://boxd.it/e1Ga
407,Frozen II,2019,https://boxd.it/aPvo
408,Æon Flux,2005,https://boxd.it/20vc
409,Girlfight,2000,https://boxd.it/1FfM
410,The Rosa Parks Story,2002,https://boxd.it/FAe
411,Love Song,2000,https://boxd.it/6zo4
412,Incognito,1999,https://boxd.it/dOP4
413,Funny Valentines,1999,https://boxd.it/8euO
414,The Decline of Western Civilization,1981,https://boxd.it/1Com
415,Black Sheep,1996,https://boxd.it/1OXe
416,The Decline of Western Civilization Part II: The Metal Years,1988,https://boxd.it/19Xs
417,Suburbia,1983,https://boxd.it/1qmo
418,The Beverly Hillbillies,1993,https://boxd.it/1UMQ
419,Dudes,1987,https://boxd.it/1tBQ
420,The Boys Next Door,1985,https://boxd.it/1AKq
421,Senseless,1998,https://boxd.it/1RLg
422,Hollywood Vice Squad,1986,https://boxd.it/3wBo
423,Halloweentown II: Kalabar's Revenge,2001,https://boxd.it/1e98
424,Pet Sematary II,1992,https://boxd.it/1V6Q
425,Urban Legends: Bloody Mary,2005,https://boxd.it/1WCe
426,Siesta,1987,https://boxd.it/XX6
427,Strange Frequency,2001,https://boxd.it/63sy
428,Face of Evil,1996,https://boxd.it/83Oy
429,Presumed Dead In Paradise,2014,https://boxd.it/8H54
430,Mulan,2020,https://boxd.it/bbK6
431,"McFarland, USA",2015,https://boxd.it/6JCq
432,North Country,2005,https://boxd.it/1Y10
433,The Vintner's Luck,2009,https://boxd.it/14o8
434,The Turning,2020,https://boxd.it/hKtQ
435,Love the Coopers,2015,https://boxd.it/aZfA
436,"Corrina, Corrina",1994,https://boxd.it/1Wcq
437,The Doctor,1991,https://boxd.it/1uu2
438,The Ron Clark Story,2006,https://boxd.it/1vDO
439,Dance with Me,1998,https://boxd.it/1HRe
440,Wrestling Ernest Hemingway,1993,https://boxd.it/11Cw
441,Something About Amelia,1984,https://boxd.it/4Yhe
442,The Outsider,2002,https://boxd.it/6Ns
443,My Brilliant Career,1979,https://boxd.it/1JPE
444,Starstruck,1982,https://boxd.it/G7M
445,Charlotte Gray,2001,https://boxd.it/1Rtc
446,Oscar and Lucinda,1997,https://boxd.it/13fa
447,Death Defying Acts,2007,https://boxd.it/1P9Y
448,High Tide,1987,https://boxd.it/EKs
449,The Last Days of Chez Nous,1992,https://boxd.it/Yzk
450,Mrs. Soffel,1984,https://boxd.it/1i2A
451,Women He's Undressed,2015,https://boxd.it/bkuw
452,Black Mirror: Arkangel,2017,https://boxd.it/hQXW
453,Little Man Tate,1991,https://boxd.it/1TEG
454,The Peacemaker,1997,https://boxd.it/21sS
455,Thick as Thieves,2009,https://boxd.it/1N2w
456,Addicted to Fresno,2015,https://boxd.it/9B0a
457,Itty Bitty Titty Committee,2007,https://boxd.it/1W3S
458,Breaking the Girls,2012,https://boxd.it/4peO
459,Made in Cleveland,2013,https://boxd.it/8kSW
460,Ghost in the Machine,1993,https://boxd.it/YR4
461,The Wind in the Willows,2006,https://boxd.it/1aeo
462,Hannah's Law,2012,https://boxd.it/3UGM
463,Priest,1994,https://boxd.it/12lG
464,Mad Love,1995,https://boxd.it/Kji
465,Face,1997,https://boxd.it/1uws
466,Safe,1993,https://boxd.it/8ZmM
467,The Hamburg Cell,2004,https://boxd.it/2Dzs
468,A Passionate Woman,2010,https://boxd.it/FsoQ
469,Cracker: Nine Eleven,2006,https://boxd.it/pYbi
470,Care,2000,https://boxd.it/dTMY
471,The Best Kind of People,,https://boxd.it/jEUK
472,Private Life,2018,https://boxd.it/gn9Q
473,Slums of Beverly Hills,1998,https://boxd.it/1NCO
474,A Little Bit of Heaven,2011,https://boxd.it/QdA
475,Fruit of Paradise,1970,https://boxd.it/2N24
476,Something Different,1963,https://boxd.it/5hrC
477,Pearls of the Deep,1966,https://boxd.it/3AXI
478,Traps,1998,https://boxd.it/EJu
479,Wolf's Hole,1987,https://boxd.it/4508
480,A Bagful of Fleas,1962,https://boxd.it/4Rug
481,Panelstory or Birth of a Community,1981,https://boxd.it/5ysM
482,Ceiling,1962,https://boxd.it/aIHs
483,The Headless Woman,2008,https://boxd.it/1ZDE
484,The Apple Game,1977,https://boxd.it/2NCQ
485,The Inheritance or Fuckoffguysgoodday,1992,https://boxd.it/11sc
486,Expulsion from Paradise,2001,https://boxd.it/2N4Y
487,The Very Late Afternoon of a Faun,1983,https://boxd.it/1TA
488,Calamity,1982,https://boxd.it/2Za
489,The Jester and the Queen,1988,https://boxd.it/2NsG
490,"A Hoof Here, a Hoof There",1989,https://boxd.it/4VKW
491,Pleasant Moments,2006,https://boxd.it/97rq
492,Prague – The Restless Heart of Europe,1985,https://boxd.it/erfY
493,Flights and Falls,2000,https://boxd.it/aPE6
494,Searching for Ester,2005,https://boxd.it/iBCm
495,The One and Only,1999,https://boxd.it/1G4K
496,Once in a Lifetime,2000,https://boxd.it/2lz0
497,Like It Never Was Before,1995,https://boxd.it/2pwu
498,Family Matters,1993,https://boxd.it/5Cta
499,Credo,1997,https://boxd.it/5dYW
500,Freud Leaving Home,1991,https://boxd.it/4wJu
501,"New York, I Love You",2008,https://boxd.it/1RG6
502,The Namesake,2006,https://boxd.it/1JJG
503,The Reluctant Fundamentalist,2012,https://boxd.it/41nM
504,Mississippi Masala,1991,https://boxd.it/Ywg
505,Amelia,2009,https://boxd.it/1ZBe
506,11'09''01 September 11,2002,https://boxd.it/27Q2
507,Kama Sutra: A Tale of Love,1996,https://boxd.it/1qt0
508,8,2008,https://boxd.it/Dds
509,Hysterical Blindness,2002,https://boxd.it/Qq0
510,Words with Gods,2014,https://boxd.it/83hY
511,Carrie Pilby,2016,https://boxd.it/agWu
512,Zama,2017,https://boxd.it/aDDq
513,The Empty Classroom,2015,https://boxd.it/aHXE
514,Electrick Children,2012,https://boxd.it/39sy
515,Girlhood,2014,https://boxd.it/7WyI
516,Tomboy,2011,https://boxd.it/49U
517,Water Lilies,2007,https://boxd.it/1VjK
518,Pauline,2010,https://boxd.it/bDJ6
519,The Fits,2015,https://boxd.it/cacO
520,Twelve Ways to Sunday,2010,https://boxd.it/hAV6
521,Breathe,2014,https://boxd.it/87L4
522,Galveston,2018,https://boxd.it/8Lqq
523,Tomorrow,2015,https://boxd.it/cT6G
524,The Adopted,2011,https://boxd.it/2DQS
525,Diving,2017,https://boxd.it/gwM8
526,Evolution,2015,https://boxd.it/aQNS
527,Innocence,2004,https://boxd.it/1f8A
528,Jean-Pierre's Mouth,1996,https://boxd.it/2PqM
529,Revenge,2017,https://boxd.it/gL9g
530,Proxima,2019,https://boxd.it/hcCY
531,By the Sea,2015,https://boxd.it/a86q
532,In the Land of Blood and Honey,2011,https://boxd.it/2MiU
533,Charlie's Angels,2019,https://boxd.it/gogo
534,Lolo,2015,https://boxd.it/bnNc
535,My Zoe,2019,https://boxd.it/h9Iu
536,Skylab,2011,https://boxd.it/31xU
537,Looking for Jimmy,2002,https://boxd.it/khuc
538,The Matrix Reloaded,2003,https://boxd.it/2a1c
539,The Matrix Revolutions,2003,https://boxd.it/2a12
540,Jupiter Ascending,2015,https://boxd.it/2Evm
541,Bound,1996,https://boxd.it/1Z1g
542,Creative Nonfiction,2009,https://boxd.it/477U
543,Sword of Trust,2019,https://boxd.it/l9E6
544,Marc Maron: End Times Fun,2020,https://boxd.it/paWS
545,We Go Way Back,2006,https://boxd.it/6Gqw
546,My Effortless Brilliance,2008,https://boxd.it/Bb0
547,The Voices,2014,https://boxd.it/7b3S
548,Chicken with Plums,2011,https://boxd.it/2Ic4
549,Radioactive,2019,https://boxd.it/hhpU
550,The Gang of the Jotas,2012,https://boxd.it/4tXo
551,Father of My Children,2009,https://boxd.it/U22
552,Maya,2018,https://boxd.it/gUKq
553,All Is Forgiven,2007,https://boxd.it/2OXg
554,Lovely & Amazing,2001,https://boxd.it/EAi
555,Walking and Talking,1996,https://boxd.it/ELq
556,Agnes Browne,1999,https://boxd.it/1M5Y
557,The Carrier,2011,https://boxd.it/5zMy
558,Paradise,1991,https://boxd.it/2dk2
559,Wadjda,2012,https://boxd.it/4drw
560,Nappily Ever After,2018,https://boxd.it/iOEq
561,The Perfect Candidate,2019,https://boxd.it/mRiK
562,The Christmas Contract,2018,https://boxd.it/k7cM
563,Christmas Joy,2018,https://boxd.it/jvs8
564,Royal New Year's Eve,2017,https://boxd.it/h3mi
565,Hearts of Christmas,2016,https://boxd.it/eUaI
566,Sugarbabies,2015,https://boxd.it/bYJw
567,John Apple Jack,2013,https://boxd.it/bbKK
568,My Daughter's Disgrace,2016,https://boxd.it/e9u2
569,All Yours,2016,https://boxd.it/dvWg
570,Same Time Next Week,2017,https://boxd.it/gPM2
571,Pretty Little Addict,2016,https://boxd.it/dVEC
572,The Wrong Bed: Naked Pursuit,2017,https://boxd.it/grOS
573,Faithless,2000,https://boxd.it/Klo
574,Private Confessions,1996,https://boxd.it/buU
575,Kristin Lavransdatter,1995,https://boxd.it/mHg
576,Sofie,1992,https://boxd.it/8lS4
577,Love,1982,https://boxd.it/hABq
578,How to Make an American Quilt,1995,https://boxd.it/1SUy
579,Proof,1991,https://boxd.it/1N8O
580,A Thousand Acres,1997,https://boxd.it/7PE
581,Little Accidents,2014,https://boxd.it/7aRs
582,My Mother Likes Women,2002,https://boxd.it/3ngG
583,I Don't Want to Talk About It,1993,https://boxd.it/45Be
584,The Half of It,2020,https://boxd.it/m0T4
585,Herbie Fully Loaded,2005,https://boxd.it/1TP0
586,D.E.B.S.,2004,https://boxd.it/2aaS
587,Madeline's Madeline,2018,https://boxd.it/gNmw
588,Thou Wast Mild and Lovely,2014,https://boxd.it/7vpa
589,Butter on the Latch,2013,https://boxd.it/5VP0
590,Collective: Unconscious,2016,https://boxd.it/ckvm
591,Flames,2017,https://boxd.it/gar8
592,Casting JonBenet,2017,https://boxd.it/fgXM
593,Ukraine Is Not a Brothel,2013,https://boxd.it/6vnw
594,Miss Americana,2020,https://boxd.it/oifq
595,Beach Rats,2017,https://boxd.it/f5m6
596,It Felt Like Love,2013,https://boxd.it/4Q1M
597,A Girl's Own Story,1984,https://boxd.it/2uNK
598,When I Get Home,2019,https://boxd.it/lxs4
599,Sugar & Spice,2001,https://boxd.it/1JKa
600,Maudie,2016,https://boxd.it/ceaW
601,An Inspector Calls,2015,https://boxd.it/cb76
602,Song for a Raggy Boy,2003,https://boxd.it/EWI
603,Elizabeth Is Missing,2019,https://boxd.it/ohrq
604,The Daisy Chain,2008,https://boxd.it/18PC
605,A Poet in New York,2014,https://boxd.it/87we
606,Room at the Top,2012,https://boxd.it/6jb4
607,Loving Miss Hatto,2012,https://boxd.it/4OQe
608,Sinners,2002,https://boxd.it/4Ee
609,"Yes, God, Yes",2019,https://boxd.it/jaGS
610,Work It,2020,https://boxd.it/mEbw
611,Pistas para volver a casa,2014,https://boxd.it/aaUi
612,She Dies Tomorrow,2020,https://boxd.it/oIuG
613,Christopher Strong,1933,https://boxd.it/180E
614,Portrait of a Young Girl at the End of the 60s in Brussels,1994,https://boxd.it/462a
615,Toute une nuit,1982,https://boxd.it/9oA
616,From the East,1993,https://boxd.it/3ywU
617,Golden Eighties,1986,https://boxd.it/67Q
618,No Home Movie,2015,https://boxd.it/bXWE
619,South,1999,https://boxd.it/6aUY
620,Almayer's Folly,2011,https://boxd.it/34TE
621,The Man with the Suitcase,1983,https://boxd.it/cMNy
622,Down There,2006,https://boxd.it/6VoU
623,American Stories,1989,https://boxd.it/7PSm
624,Autour de Jeanne Dielman,1975,https://boxd.it/9S3q
625,Tell Me,1980,https://boxd.it/dnmk
626,Letters Home,1986,https://boxd.it/dqwi
627,From the Other Side,2002,https://boxd.it/3wSa
628,Hotel Monterey,1973,https://boxd.it/3FEc
629,Chantal Akerman by Chantal Akerman,1997,https://boxd.it/4ppi
630,Night and Day,1991,https://boxd.it/3FFk
631,The Captive,2000,https://boxd.it/Lcs
632,The Eighties,1983,https://boxd.it/4nXi
633,Hanging Out Yonkers,1973,https://boxd.it/qZzs
634,Black Panthers,1968,https://boxd.it/4BCe
635,These Encounters of Theirs,2006,https://boxd.it/3Fx6
636,Moses and Aaron,1975,https://boxd.it/6ed0
637,Dialogue of Shadows,2013,https://boxd.it/7zay
638,The Death of Empedocles,1987,https://boxd.it/7xci
639,From the Clouds to the Resistance,1979,https://boxd.it/35JU
640,From Today Until Tomorrow,1997,https://boxd.it/46JI
641,Class Relations,1984,https://boxd.it/3Up2
642,Othon,1970,https://boxd.it/5YHS
643,Sicily!,1999,https://boxd.it/3z1e
644,Itinéraire de Jean Bricard,2008,https://boxd.it/7BBm
645,A Visit to the Louvre,2004,https://boxd.it/4bLO
646,Chronicle of Anna Magdalena Bach,1968,https://boxd.it/3jIm
647,Antigone,1992,https://boxd.it/6ecG
648,Fortini/Cani,1976,https://boxd.it/6amW
649,The Return of the Prodigal Son,2003,https://boxd.it/72Bm
650,Black Sin,1989,https://boxd.it/7BIC
651,Too Early / Too Late,1981,https://boxd.it/3m3m
652,Cézanne – Conversation with Joachim Gasquet,1990,https://boxd.it/6evo
653,"Workers, Peasants",2001,https://boxd.it/65ba
654,History Lessons,1972,https://boxd.it/6amM
655,Women Reply,1975,https://boxd.it/5Eie
656,Miss Stevens,2016,https://boxd.it/bBq2
657,Fast Color,2018,https://boxd.it/g3wg
658,Stargirl,2020,https://boxd.it/dkxk
659,The In Crowd,2000,https://boxd.it/1brS
660,On the Rocks,2020,https://boxd.it/l8aY
661,The Attic,2006,https://boxd.it/1suE
662,BLACKPINK: Light Up the Sky,2020,https://boxd.it/rOii
663,Los primos esperan,2020,https://boxd.it/sGT8
664,Happiest Season,2020,https://boxd.it/iS3I
665,Songs My Brothers Taught Me,2015,https://boxd.it/9Thy
666,The Rider,2017,https://boxd.it/gazw
667,The World to Come,2020,https://boxd.it/iiuI
668,Desert Hearts,1985,https://boxd.it/2aFc
669,Fear Street: 1994,2021,https://boxd.it/lLBk
670,Fear Street: 1978,2021,https://boxd.it/lLBu
671,Fear Street: 1666,2021,https://boxd.it/lLBE
672,The Fallout,2021,https://boxd.it/tViI
673,Passing,2021,https://boxd.it/jKdM
674,Titane,2021,https://boxd.it/nlQC
675,Crush,2022,https://boxd.it/wuHW
676,"Seven Rooms, Kitchen, Bathroom, for Sale",1984,https://boxd.it/7lZM
677,The Pleasure of Love in Iran,1976,https://boxd.it/4zPA
678,"You've Got Beautiful Stairs, You Know...",1986,https://boxd.it/7S6g
679,The Vanishing Lion,2003,https://boxd.it/4tga
680,Ulysse,1983,https://boxd.it/7BzA
681,Camila,1984,https://boxd.it/XMC
682,Girlfriends,1978,https://boxd.it/3JYU
683,The Ascent,1977,https://boxd.it/Eew
684,Wings,1966,https://boxd.it/EDw
685,You and Me,1971,https://boxd.it/4Exw
686,Heat,1963,https://boxd.it/7Cee
687,Fresh,2022,https://boxd.it/tCNi
688,Not Okay,2022,https://boxd.it/vCEY
689,"Good Luck to You, Leo Grande",2022,https://boxd.it/stYk
690,Do Revenge,2022,https://boxd.it/sFiA
691,Don't Worry Darling,2022,https://boxd.it/mViu
692,Bodies Bodies Bodies,2022,https://boxd.it/iRcE
693,Instinct,2019,https://boxd.it/jiJA
694,The Woman King,2022,https://boxd.it/r9a8
695,The Old Guard,2020,https://boxd.it/jY2e
696,The Invitation,2022,https://boxd.it/vkfc
697,The Light of the Moon,2017,https://boxd.it/f5ne
698,Where the Crawdads Sing,2022,https://boxd.it/psLS
699,First Match,2018,https://boxd.it/i81w
700,Turning Red,2022,https://boxd.it/ipkq
701,Watcher,2022,https://boxd.it/uocO
702,Blame,2017,https://boxd.it/eVvM
703,The Bigamist,1953,https://boxd.it/2zDg
704,The Hitch-Hiker,1953,https://boxd.it/ZjC
705,Outrage,1950,https://boxd.it/2vFW
706,The Trouble with Angels,1966,https://boxd.it/15Do
707,Not Wanted,1949,https://boxd.it/48Xs
708,Never Fear,1950,https://boxd.it/40EM
709,"Hard, Fast and Beautiful",1951,https://boxd.it/2Ws6
710,A New Leaf,1971,https://boxd.it/19FS
711,Mikey and Nicky,1976,https://boxd.it/iL4
712,The Heartbreak Kid,1972,https://boxd.it/11aM
713,"Dance, Girl, Dance",1940,https://boxd.it/1hvG
714,Merrily We Go to Hell,1932,https://boxd.it/2PGA
715,The Wild Party,1929,https://boxd.it/2Nr4
716,The Bride Wore Red,1937,https://boxd.it/3Mtq
717,Craig's Wife,1936,https://boxd.it/3Z7W
718,Working Girls,1931,https://boxd.it/7Ti8
719,Sarah and Son,1930,https://boxd.it/3xI6
720,Honor Among Lovers,1931,https://boxd.it/4o6a
721,Get Your Man,1927,https://boxd.it/5JW4
722,First Comes Courage,1943,https://boxd.it/3olW
723,Anybody's Woman,1930,https://boxd.it/bRJk
724,Manhattan Cocktail,1928,https://boxd.it/9f2y
725,Harriet,2019,https://boxd.it/ijo2
726,Eve's Bayou,1997,https://boxd.it/QdU
727,Self Made: Inspired by the Life of Madam C.J. Walker,2020,https://boxd.it/pzno
728,Talk to Me,2007,https://boxd.it/21yw
729,The Caveman's Valentine,2001,https://boxd.it/1wck
730,Black Nativity,2013,https://boxd.it/5og2
731,Hocus Pocus 2,2022,https://boxd.it/nRog
732,Rosaline,2022,https://boxd.it/v9Ue
733,"I, the Worst of All",1990,https://boxd.it/44OQ
734,Nobody's Wife,1982,https://boxd.it/4a5i
735,Miss Mary,1986,https://boxd.it/76sI
736,Musical Chairs,2003,https://boxd.it/glNE
737,The Intruder,2020,https://boxd.it/oRDi
738,Aftersun,2022,https://boxd.it/Arw0
739,Corsage,2022,https://boxd.it/xxTS
740,She Said,2022,https://boxd.it/vBaI
741,Fire of Love,2022,https://boxd.it/yoPY
742,The Seer and the Unseen,2019,https://boxd.it/lIag
743,I'm Your Man,2021,https://boxd.it/tWcG
744,Love Life,2007,https://boxd.it/23L8
745,Women Talking,2022,https://boxd.it/tdq4
746,Nanny,2022,https://boxd.it/vPHQ
747,Lady Chatterley's Lover,2022,https://boxd.it/uF8O
748,The Mustang,2019,https://boxd.it/i4S2
749,All the Beauty and the Bloodshed,2022,https://boxd.it/BYjU
750,Risk,2016,https://boxd.it/dL2I
751,The Oath,2010,https://boxd.it/xOM
752,The Souvenir: Part II,2021,https://boxd.it/gXTK
753,The Eternal Daughter,2022,https://boxd.it/tJnG
754,Unrelated,2007,https://boxd.it/1mcO
755,Archipelago,2010,https://boxd.it/Oa
756,Exhibition,2013,https://boxd.it/6dXQ
757,Causeway,2022,https://boxd.it/lWQq
758,The Wolves,2021,https://boxd.it/uoQY
759,The Swimmers,2022,https://boxd.it/uXMi
760,The Matrix Resurrections,2021,https://boxd.it/n87k
761,Candyman,2021,https://boxd.it/kHFg
762,Little Woods,2018,https://boxd.it/g76c
763,Petite Maman,2021,https://boxd.it/s6je
764,We're All Going to the World's Fair,2021,https://boxd.it/tbmY
765,Moxie,2021,https://boxd.it/lsQK
766,Bad Girls Go to Hell,1965,https://boxd.it/Wa8
767,A Night to Dismember,1983,https://boxd.it/JN2
768,Black Christmas,2019,https://boxd.it/ka4G
769,Always Shine,2016,https://boxd.it/drQ4
770,"New Year, New You",2018,https://boxd.it/kNoK
771,Green,2011,https://boxd.it/4ctG
772,Cinderella,2021,https://boxd.it/lSCY
773,Bloodthirsty,2020,https://boxd.it/rPL6
774,The Bye Bye Man,2017,https://boxd.it/9b2k
775,The Craft: Legacy,2020,https://boxd.it/lKYs
776,How It Ends,2021,https://boxd.it/tblm
777,Band Aid,2017,https://boxd.it/f5lW
778,Holler,2020,https://boxd.it/oMA4
779,Indecent Desires,1968,https://boxd.it/Cqq
780,The Power,2021,https://boxd.it/sA5Q
781,The Rage: Carrie 2,1999,https://boxd.it/20ZG
782,Relic,2020,https://boxd.it/jEwS
783,Bruised,2020,https://boxd.it/qURQ
784,"First, Second & Third Love",2021,https://boxd.it/qUFA
785,Saint Maud,2019,https://boxd.it/l8QA
786,The Slumber Party Massacre,1982,https://boxd.it/1rIq
787,Cocaine Bear,2023,https://boxd.it/ugw2